,,كد درس,نام درس,نوع درس,تعداد واحد نظري,تعداد واحد عملي,كد ارائه کلاس درس,نام كلاس درس,زمانبندي تشکيل کلاس,استاد,ساير اساتيد,حداكثر ظرفيت,تعداد ثبت نامي تاکنون,زمان امتحان,مكان برگزاري,مقطع ارائه درس,نوع ارائه,سطح ارائه,دانشجويان مجاز به اخذ کلاس,گروه آموزشی,دانشکده,واحد,استان
,1,99079,تربیت بدنی,نظري_عملي,0.50,0.50,1637914,خواهران,يكشنبه از 10:30 تا 12:00 يكشنبه از از ...,کاملیا عبدی,,25,,1404/05/27 از 08:00 تا 10:00,163 - شيراز-سالن ورزشی هنر و معماری 1,كارشناسي پيوسته,حضوري,ارائه در سطح دانشکده,,گروه آموزشي دروس عمومي(7116399),163 - شيراز(163),163 - شيراز(71163),71 - فارس(71)
,2,99079,تربیت بدنی,نظري_عملي,0.50,0.50,1637913,خواهران,يكشنبه از 07:30 تا 10:30,کاملیا عبدی,,25,,1404/05/27 از 08:00 تا 10:00,163 - شيراز-سالن ورزشی هنر و معماری 1,كارشناسي پيوسته,حضوري,ارائه در سطح دانشکده,,گروه آموزشي دروس عمومي(7116399),163 - شيراز(163),163 - شيراز(71163),71 - فارس(71)
,3,99062,ورزش 1,عملي,0,1,1636214,خواهران,شنبه از 14:00 تا 17:00,کاملیا عبدی,,25,,1404/05/28 از 08:00 تا 10:00,163 - شيراز-سالن ورزشی هنر و معماری 1,كارشناسي پيوسته,حضوري,ارائه در سطح دانشکده,,گروه آموزشي دروس عمومي(7116399),163 - شيراز(163),163 - شيراز(71163),71 - فارس(71)
,4,99062,ورزش 1,عملي,0,1,1636213,خواهران,شنبه از 10:30 تا 12:00 شنبه از از ...,کاملیا عبدی,,20,,1404/05/28 از 08:00 تا 10:00,163 - شيراز-سالن ورزشی هنر و معماری 1,كارشناسي پيوسته,حضوري,ارائه در سطح دانشکده,,گروه آموزشي دروس عمومي(7116399),163 - شيراز(163),163 - شيراز(71163),71 - فارس(71)
,5,99062,ورزش 1,عملي,0,1,1636212,خواهران,شنبه از 07:30 تا 10:30,کاملیا عبدی,,25,,1404/05/28 از 08:00 تا 10:00,163 - شيراز-سالن ورزشی هنر و معماری 1,كارشناسي پيوسته,حضوري,ارائه در سطح دانشکده,,گروه آموزشي دروس عمومي(7116399),163 - شيراز(163),163 - شيراز(71163),71 - فارس(71)
,6,99079,تربیت بدنی,نظري_عملي,0.50,0.50,1637910,برادران,دوشنبه از 14:00 تا 17:00,هيبت اله رحيمي مهکويه,,25,,1404/05/28 از 08:00 تا 10:00,163 - شيراز- ورزشی توانا سالن ب,كارشناسي پيوسته,حضوري,ارائه در سطح دانشکده,,گروه آموزشي دروس عمومي(7116399),163 - شيراز(163),163 - شيراز(71163),71 - فارس(71)
,7,99062,ورزش 1,عملي,0,1,1636211,برادران,دوشنبه از 10:30 تا 12:00 دوشنبه از از ...,هيبت اله رحيمي مهکويه,,25,,1404/05/28 از 08:00 تا 10:00,163 - شيراز- ورزشی توانا سالن ب,كارشناسي پيوسته,حضوري,ارائه در سطح دانشکده,,گروه آموزشي دروس عمومي(7116399),163 - شيراز(163),163 - شيراز(71163),71 - فارس(71)
,8,99062,ورزش 1,عملي,0,1,1636208,برادران,دوشنبه از 07:30 تا 10:30,هيبت اله رحيمي مهکويه,,25,,1404/05/28 از 08:00 تا 10:00,163 - شيراز- ورزشی توانا سالن ب,كارشناسي پيوسته,حضوري,ارائه در سطح دانشکده,,گروه آموزشي دروس عمومي(7116399),163 - شيراز(163),163 - شيراز(71163),71 - فارس(71)
,9,99062,ورزش 1,عملي,0,1,1636210,خواهران,يكشنبه از 14:00 تا 17:00,فرزانه محتشمی,,25,,1404/05/28 از 08:00 تا 10:00,163 - شيراز-ورزشی پیروانی سالن ب,كارشناسي پيوسته,حضوري,ارائه در سطح دانشکده,,گروه آموزشي دروس عمومي(7116399),163 - شيراز(163),163 - شيراز(71163),71 - فارس(71)
,10,99062,ورزش 1,عملي,0,1,1636209,خواهران,يكشنبه از 10:30 تا 12:00 يكشنبه از از ...,فرزانه محتشمی,,25,,1404/05/28 از 08:00 تا 10:00,163 - شيراز-ورزشی پیروانی سالن ب,كارشناسي پيوسته,حضوري,ارائه در سطح دانشکده,,گروه آموزشي دروس عمومي(7116399),163 - شيراز(163),163 - شيراز(71163),71 - فارس(71)
,11,99062,ورزش 1,عملي,0,1,1636207,خواهران,يكشنبه از 07:30 تا 10:30,فرزانه محتشمی,,25,,1404/05/28 از 08:00 تا 10:00,163 - شيراز-ورزشی پیروانی سالن ب,كارشناسي پيوسته,حضوري,ارائه در سطح دانشکده,,گروه آموزشي دروس عمومي(7116399),163 - شيراز(163),163 - شيراز(71163),71 - فارس(71)
,12,99079,تربیت بدنی,نظري_عملي,0.50,0.50,1637909,خواهران,شنبه از 14:00 تا 17:00,فرزانه محتشمی,,25,,1404/05/27 از 08:00 تا 10:00,163 - شيراز-ورزشی پیروانی سالن ب,كارشناسي پيوسته,حضوري,ارائه در سطح دانشکده,,گروه آموزشي دروس عمومي(7116399),163 - شيراز(163),163 - شيراز(71163),71 - فارس(71)
,13,99079,تربیت بدنی,نظري_عملي,0.50,0.50,1637908,خواهران,شنبه از 10:30 تا 12:00 شنبه از از ...,فرزانه محتشمی,,25,,1404/05/27 از 08:00 تا 10:00,163 - شيراز-ورزشی پیروانی سالن ب,كارشناسي پيوسته,حضوري,ارائه در سطح دانشکده,,گروه آموزشي دروس عمومي(7116399),163 - شيراز(163),163 - شيراز(71163),71 - فارس(71)
,14,99079,تربیت بدنی,نظري_عملي,0.50,0.50,1637907,خواهران,شنبه از 07:30 تا 10:30,فرزانه محتشمی,,25,,1404/05/27 از 08:00 تا 10:00,163 - شيراز-ورزشی پیروانی سالن ب,كارشناسي پيوسته,حضوري,ارائه در سطح دانشکده,,گروه آموزشي دروس عمومي(7116399),163 - شيراز(163),163 - شيراز(71163),71 - فارس(71)
,15,99062,ورزش 1,عملي,0,1,1636205,برادران,سه شنبه از 14:00 تا 17:00,محمد یزدان پناه,,25,,1404/05/28 از 08:00 تا 10:00,163 - شيراز-ورزشی پیروانی سالن الف,كارشناسي پيوسته,حضوري,ارائه در سطح دانشکده,,گروه آموزشي دروس عمومي(7116399),163 - شيراز(163),163 - شيراز(71163),71 - فارس(71)
,16,99062,ورزش 1,عملي,0,1,1636206,برادران,سه شنبه از 10:30 تا 12:00 سه شنبه از ...,محمد یزدان پناه,,25,,1404/05/28 از 08:00 تا 10:00,163 - شيراز-ورزشی پیروانی سالن الف,كارشناسي پيوسته,حضوري,ارائه در سطح دانشکده,,گروه آموزشي دروس عمومي(7116399),163 - شيراز(163),163 - شيراز(71163),71 - فارس(71)
,17,99062,ورزش 1,عملي,0,1,1636204,برادران,سه شنبه از 07:30 تا 10:30,محمد یزدان پناه,,25,,1404/05/28 از 08:00 تا 10:00,163 - شيراز-ورزشی پیروانی سالن الف,كارشناسي پيوسته,حضوري,ارائه در سطح دانشکده,,گروه آموزشي دروس عمومي(7116399),163 - شيراز(163),163 - شيراز(71163),71 - فارس(71)
,18,99062,ورزش 1,عملي,0,1,1636203,برادران,دوشنبه از 14:00 تا 17:00,محمد یزدان پناه,,25,,1404/05/28 از 08:00 تا 10:00,163 - شيراز-ورزشی پیروانی سالن الف,كارشناسي پيوسته,حضوري,ارائه در سطح دانشکده,,گروه آموزشي دروس عمومي(7116399),163 - شيراز(163),163 - شيراز(71163),71 - فارس(71)
,19,99062,ورزش 1,عملي,0,1,1636202,برادران,دوشنبه از 10:30 تا 12:00 دوشنبه از از ...,محمد یزدان پناه,,25,,1404/05/28 از 08:00 تا 10:00,163 - شيراز-ورزشی پیروانی سالن الف,كارشناسي پيوسته,حضوري,ارائه در سطح دانشکده,,گروه آموزشي دروس عمومي(7116399),163 - شيراز(163),163 - شيراز(71163),71 - فارس(71)
,20,99062,ورزش 1,عملي,0,1,1636201,برادران,دوشنبه از 07:30 تا 10:30,محمد یزدان پناه,,25,,1404/05/28 از 08:00 تا 10:00,163 - شيراز-ورزشی پیروانی سالن الف,كارشناسي پيوسته,حضوري,ارائه در سطح دانشکده,,گروه آموزشي دروس عمومي(7116399),163 - شيراز(163),163 - شيراز(71163),71 - فارس(71)
,21,99079,تربیت بدنی,نظري_عملي,0.50,0.50,1637905,برادران,سه شنبه از 14:00 تا 17:00,عباس غلامپور,,25,,1404/05/27 از 08:00 تا 10:00,,كارشناسي پيوسته,حضوري,ارائه در سطح دانشکده,,گروه آموزشي دروس عمومي(7116399),163 - شيراز(163),163 - شيراز(71163),71 - فارس(71)
,22,99079,تربیت بدنی,نظري_عملي,0.50,0.50,1637906,برادران,سه شنبه از 10:30 تا 12:00 سه شنبه از ...,عباس غلامپور,,25,,1404/05/27 از 08:00 تا 10:00,163 - شيراز-ورزشی پیروانی سالن ب,كارشناسي پيوسته,حضوري,ارائه در سطح دانشکده,,گروه آموزشي دروس عمومي(7116399),163 - شيراز(163),163 - شيراز(71163),71 - فارس(71)
,23,99079,تربیت بدنی,نظري_عملي,0.50,0.50,1637904,برادران,سه شنبه از 07:30 تا 10:30,عباس غلامپور,,25,,1404/05/27 از 08:00 تا 10:00,163 - شيراز-ورزشی پیروانی سالن ب,كارشناسي پيوسته,حضوري,ارائه در سطح دانشکده,,گروه آموزشي دروس عمومي(7116399),163 - شيراز(163),163 - شيراز(71163),71 - فارس(71)
,24,99079,تربیت بدنی,نظري_عملي,0.50,0.50,1637903,براردان,دوشنبه از 10:30 تا 12:00 دوشنبه از از ...,عباس غلامپور,,25,,1404/05/27 از 08:00 تا 10:00,163 - شيراز-ورزشی پیروانی سالن ب,كارشناسي پيوسته,حضوري,ارائه در سطح دانشکده,,گروه آموزشي دروس عمومي(7116399),163 - شيراز(163),163 - شيراز(71163),71 - فارس(71)
,25,99079,تربیت بدنی,نظري_عملي,0.50,0.50,1637902,برادران,دوشنبه از 07:30 تا 10:30,عباس غلامپور,,25,,1404/05/27 از 08:00 تا 10:00,163 - شيراز-ورزشی پیروانی سالن ب,كارشناسي پيوسته,حضوري,ارائه در سطح دانشکده,,گروه آموزشي دروس عمومي(7116399),163 - شيراز(163),163 - شيراز(71163),71 - فارس(71)
,26,99079,تربیت بدنی,نظري_عملي,0.50,0.50,1637901,برادران,دوشنبه از 14:00 تا 17:00,عباس غلامپور,,20,,1404/05/27 از 08:00 تا 10:00,163 - شيراز-ورزشی پیروانی سالن ب,كارشناسي پيوسته,حضوري,ارائه در سطح دانشکده,,گروه آموزشي دروس عمومي(7116399),163 - شيراز(163),163 - شيراز(71163),71 - فارس(71)
,27,90121,تاریخ امامت,نظري,2,0,71152173,,,امین عبادی,,1,,1404/05/29 از 08:00 تا 10:00,,كارشناسي پيوسته,حضوري,ارائه در سطح استان,,گروه آموزشي مهندسی شیمی و پلیمر-محل کلاس-152 - كازرون(7115224328),243 - لامرد(243),243 - لامرد(71243),71 - فارس(71)
,28,99073,اندیشه های امامین انقلاب اسلامی و وصایای حضرت امام خمینی(ره),نظري,1,0,1639907313,خواهران,يكشنبه از 12:30 تا 17:30,مرضیه امیدی,,25,,1404/05/25 از 13:00 تا 14:00,دانشکده علوم انسانی-302,كارشناسي پيوسته,حضوري,ارائه در سطح دانشکده,,گروه آموزشي دروس عمومي(7116399),163 - شيراز(163),163 - شيراز(71163),71 - فارس(71)
,29,99073,اندیشه های امامین انقلاب اسلامی و وصایای حضرت امام خمینی(ره),نظري,1,0,1639907312,خواهران,شنبه از 12:30 تا 17:30,مرضیه امیدی,,25,,1404/05/25 از 13:00 تا 14:00,دانشکده علوم انسانی-302,كارشناسي پيوسته,حضوري,ارائه در سطح دانشکده,,گروه آموزشي دروس عمومي(7116399),163 - شيراز(163),163 - شيراز(71163),71 - فارس(71)
,30,90763,تفسیر موضوعی قرآن,نظري,2,0,1639076310,خواهران,شنبه از 07:15 تا 12:15,عبدالحمید فرزانه,,25,,1404/05/28 از 14:30 تا 15:30,دانشکده علوم انسانی-9,كارشناسي پيوسته,حضوري,ارائه در سطح دانشکده,,گروه آموزشي دروس عمومي(7116399),163 - شيراز(163),163 - شيراز(71163),71 - فارس(71)
,31,90610,اندیشه اسلامی 1 (مبدا ومعاد),نظري,2,0,1639061004,برادران,يكشنبه از 12:30 تا 17:30,عليرضا علي زاده,,25,,1404/05/27 از 14:30 تا 15:30,دانشکده علوم انسانی-10,دکتری عمومی,حضوري,ارائه در سطح دانشکده,,گروه آموزشي دروس عمومي(7116399),163 - شيراز(163),163 - شيراز(71163),71 - فارس(71)
,32,90610,اندیشه اسلامی 1 (مبدا ومعاد),نظري,2,0,1639061003,خواهران,دوشنبه از 07:15 تا 12:15,عليرضا علي زاده,,25,,1404/05/27 از 14:30 تا 15:30,دانشکده علوم انسانی-301,كارشناسي پيوسته,حضوري,ارائه در سطح دانشکده,,گروه آموزشي دروس عمومي(7116399),163 - شيراز(163),163 - شيراز(71163),71 - فارس(71)
,33,4628130407,زبان‌ تخصصی‌,نظري,2,0,16301111130043,,شنبه از 12:30 تا 17:30,امین طوسی,,55,,1404/06/01 از 08:00 تا 10:00,,كارشناسي پيوسته,حضوري,ارائه در سطح گروه آموزشی,,گروه آموزشي کامپيوتر و فناوري اطلاعات(7116330),163 - شيراز(163),163 - شيراز(71163),71 - فارس(71)
,34,1245156275,کارآفرینی,نظري,2,0,100-5,,,,,40,,1404/05/25 از 10:30 تا 12:00,,کاردانی پیوسته,حضوري,ارائه در سطح دانشکده,,گروه آموزشي صنايع(7116338),163 - شيراز(163),163 - شيراز(71163),71 - فارس(71)
,35,5903156275,کارآفرینی,نظري_عملي,1,1,300-9,,,,,40,,1404/05/25 از 10:30 تا 12:00,,کاردانی پیوسته,حضوري,ارائه در سطح دانشکده,,گروه آموزشي صنايع(7116338),163 - شيراز(163),163 - شيراز(71163),71 - فارس(71)
,36,1939156327,کارآفرینی و پروژه,نظري_عملي,1,1,200-10,,,,,40,,1404/05/25 از 10:30 تا 12:00,,کاردانی پیوسته,حضوري,ارائه در سطح دانشکده,,گروه آموزشي صنايع(7116338),163 - شيراز(163),163 - شيراز(71163),71 - فارس(71)
,37,1546156275,کارآفرینی,نظري_عملي,1,1,16301111130039,,,,,25,,1404/05/25 از 10:30 تا 12:00,,کاردانی پیوسته,حضوري,ارائه در سطح دانشکده,,گروه آموزشي صنايع(7116338),163 - شيراز(163),163 - شيراز(71163),71 - فارس(71)
,38,5990156275,کارآفرینی,نظري_عملي,1,1,16301111130038,,,,,30,,1404/05/25 از 10:30 تا 12:00,,کاردانی پیوسته,حضوري,ارائه در سطح دانشکده,,گروه آموزشي صنايع(7116338),163 - شيراز(163),163 - شيراز(71163),71 - فارس(71)
,39,6344156275,کارآفرینی,كارگاهي,1,1,16301111130037,,,,,30,,1404/05/25 از 10:30 تا 12:00,,کاردانی پیوسته,حضوري,ارائه در سطح دانشکده,,گروه آموزشي صنايع(7116338),163 - شيراز(163),163 - شيراز(71163),71 - فارس(71)
,40,5865156275,کارآفرینی,كارگاهي,1,1,16301111130036,,,,,20,,1404/05/25 از 10:30 تا 12:00,,کاردانی پیوسته,حضوري,ارائه در سطح دانشکده,,گروه آموزشي صنايع(7116338),163 - شيراز(163),163 - شيراز(71163),71 - فارس(71)
,41,7000005755,کارآفرینی,نظري,2,0,16301111130035,,,,,25,,1404/05/25 از 10:30 تا 12:00,,کارداني ناپیوسته,حضوري,ارائه در سطح دانشکده,,گروه آموزشي صنايع(7116338),163 - شيراز(163),163 - شيراز(71163),71 - فارس(71)
,42,1068156275,کارآفرینی,نظري,3,0,16301111130034,,,,,25,,1404/05/25 از 10:30 تا 12:00,,کارداني ناپیوسته,حضوري,ارائه در سطح دانشکده,,گروه آموزشي صنايع(7116338),163 - شيراز(163),163 - شيراز(71163),71 - فارس(71)
,43,55139,کارآفرینی,نظري,3,0,16301111130033,,,,,15,,1404/05/25 از 10:30 تا 12:00,,کارداني ناپیوسته,حضوري,ارائه در سطح دانشکده,,گروه آموزشي صنايع(7116338),163 - شيراز(163),163 - شيراز(71163),71 - فارس(71)
,44,5889156275,کارآفرینی,كارگاهي,1,1,16301111130032,,,,,15,,1404/05/25 از 10:30 تا 12:00,,کاردانی پیوسته,حضوري,ارائه در سطح دانشکده,,گروه آموزشي صنايع(7116338),163 - شيراز(163),163 - شيراز(71163),71 - فارس(71)
,45,1068156275,کارآفرینی,نظري,3,0,16301111130031,,شنبه از 12:30 تا 19:00,دکتر احمدعلی ثابتان شیرازی,,15,,1404/05/25 از 10:30 تا 12:00,دانشکده مهارتی -201,کارداني ناپیوسته,حضوري,ارائه در سطح دانشکده,,گروه آموزشي صنايع(7116338),163 - شيراز(163),163 - شيراز(71163),71 - فارس(71)
,46,92381,تاریخ فرهنگ و تمدن اسلام و ایران,نظري,2,0,1639238102,برادران,چهارشنبه از 12:30 تا 17:30,رضا معینی رودبالی,,25,,1404/05/30 از 14:30 تا 15:30,دانشکده علوم انسانی-114,كارشناسي پيوسته,حضوري,ارائه در سطح دانشکده,,گروه آموزشي دروس عمومي(7116399),163 - شيراز(163),163 - شيراز(71163),71 - فارس(71)
,47,92381,تاریخ فرهنگ و تمدن اسلام و ایران,نظري,2,0,1639238101,خواهران,چهارشنبه از 07:15 تا 12:15,رضا معینی رودبالی,,23,,1404/05/30 از 14:30 تا 15:30,دانشکده علوم انسانی-114,كارشناسي پيوسته,حضوري,ارائه در سطح دانشکده,,گروه آموزشي دروس عمومي(7116399),163 - شيراز(163),163 - شيراز(71163),71 - فارس(71)
,48,90881,آشنایی با دفاع مقدس,نظري,2,0,1639088108,خواهران,شنبه از 12:30 تا 17:30,احسان اله خرمی,,25,,1404/05/27 از 13:00 تا 14:00,دانشکده علوم انسانی-213,كارشناسي پيوسته,حضوري,ارائه در سطح دانشکده,,گروه آموزشي دروس عمومي(7116399),163 - شيراز(163),163 - شيراز(71163),71 - فارس(71)
,49,90881,آشنایی با دفاع مقدس,نظري,2,0,1639088107,برادران,شنبه از 07:15 تا 12:15,احسان اله خرمی,,25,,1404/05/27 از 13:00 تا 14:00,دانشکده علوم انسانی-210,كارشناسي پيوسته,حضوري,ارائه در سطح دانشکده,,گروه آموزشي دروس عمومي(7116399),163 - شيراز(163),163 - شيراز(71163),71 - فارس(71)
,50,90881,آشنایی با دفاع مقدس,نظري,2,0,1639088106,خواهران,چهارشنبه از 12:30 تا 17:30,مسيح گلکاري,,25,,1404/05/27 از 13:00 تا 14:00,دانشکده علوم انسانی-110,كارشناسي پيوسته,حضوري,ارائه در سطح دانشکده,,گروه آموزشي دروس عمومي(7116399),163 - شيراز(163),163 - شيراز(71163),71 - فارس(71)
,51,90881,آشنایی با دفاع مقدس,نظري,2,0,1639088105,خواهران,سه شنبه از 12:30 تا 17:30,مسيح گلکاري,,25,,1404/05/27 از 13:00 تا 14:00,دانشکده علوم انسانی-110,كارشناسي پيوسته,حضوري,ارائه در سطح دانشکده,,گروه آموزشي دروس عمومي(7116399),163 - شيراز(163),163 - شيراز(71163),71 - فارس(71)
,52,4628150474,معماری‌ کامپیوتر,نظري,3,0,163543328,,شنبه از 07:30 تا 15:30,علي نامدار,,55,,1404/06/01 از 08:00 تا 10:00,,كارشناسي پيوسته,حضوري,ارائه در سطح گروه آموزشی,,گروه آموزشي کامپيوتر و فناوري اطلاعات(7116330),163 - شيراز(163),163 - شيراز(71163),71 - فارس(71)
,53,4628147685,مدار‌های الکتریکی,نظري,3,0,163543327,,شنبه از 15:00 تا 19:00 يكشنبه از 15:00 ...,گوهر ورامینی,,55,,1404/06/01 از 08:00 تا 10:00,,كارشناسي پيوسته,حضوري,ارائه در سطح گروه آموزشی,,گروه آموزشي کامپيوتر و فناوري اطلاعات(7116330),163 - شيراز(163),163 - شيراز(71163),71 - فارس(71)
,54,4628164617,طراحی کامپیوتری سیستمهای دیجیتال,نظري,3,0,163543326,,چهارشنبه از 12:30 تا 17:30 پنج شنبه از ...,مرجان افشار,,55,,1404/06/01 از 08:00 تا 10:00,,كارشناسي پيوسته,حضوري,ارائه در سطح گروه آموزشی,,گروه آموزشي کامپيوتر و فناوري اطلاعات(7116330),163 - شيراز(163),163 - شيراز(71163),71 - فارس(71)
,55,4628127605,روش پژوهش و ارایه,نظري,2,0,163543327,استاد درس : دکتر پیچاقیان,دوشنبه از 12:30 تا 17:30,امین اسکندری,,55,,1404/06/01 از 08:00 تا 10:00,,كارشناسي پيوسته,حضوري,ارائه در سطح گروه آموزشی,,گروه آموزشي کامپيوتر و فناوري اطلاعات(7116330),163 - شيراز(163),163 - شيراز(71163),71 - فارس(71)
,56,90881,آشنایی با دفاع مقدس,نظري,2,0,1639088104,برادران,دوشنبه از 12:30 تا 17:30,مسيح گلکاري,,25,,1404/05/27 از 13:00 تا 14:00,دانشکده علوم انسانی-110,كارشناسي پيوسته,حضوري,ارائه در سطح دانشکده,,گروه آموزشي دروس عمومي(7116399),163 - شيراز(163),163 - شيراز(71163),71 - فارس(71)
,57,90881,آشنایی با دفاع مقدس,نظري,2,0,1639088103,برادران,يكشنبه از 12:30 تا 17:30,امیرعلی بنی احمد,,25,,1404/05/27 از 13:00 تا 14:00,دانشکده علوم انسانی-113,كارشناسي پيوسته,حضوري,ارائه در سطح دانشکده,,گروه آموزشي دروس عمومي(7116399),163 - شيراز(163),163 - شيراز(71163),71 - فارس(71)
,58,4628135313,سیگنال ها و سیستم ها,نظري,3,0,163543326,,شنبه از 07:30 تا 15:00,زهرا مقصود زاده,,55,,1404/06/01 از 08:00 تا 10:00,,كارشناسي پيوسته,حضوري,ارائه در سطح گروه آموزشی,,گروه آموزشي کامپيوتر و فناوري اطلاعات(7116330),163 - شيراز(163),163 - شيراز(71163),71 - فارس(71)
,59,90881,آشنایی با دفاع مقدس,نظري,2,0,1639088102,خواهران,شنبه از 12:30 تا 17:30,امیرعلی بنی احمد,,25,,1404/05/27 از 13:00 تا 14:00,دانشکده علوم انسانی-113,كارشناسي پيوسته,حضوري,ارائه در سطح دانشکده,,گروه آموزشي دروس عمومي(7116399),163 - شيراز(163),163 - شيراز(71163),71 - فارس(71)
,60,90881,آشنایی با دفاع مقدس,نظري,2,0,1639088101,خواهران,شنبه از 12:30 تا 17:30,محمد آزاد,,25,,1404/05/27 از 13:00 تا 14:00,دانشکده علوم انسانی-206,كارشناسي پيوسته,حضوري,ارائه در سطح دانشکده,,گروه آموزشي دروس عمومي(7116399),163 - شيراز(163),163 - شيراز(71163),71 - فارس(71)
,61,4628107851,آمار و احتمال مهندسی,نظري,3,0,163543325,,دوشنبه از 07:30 تا 12:00 دوشنبه از از ...,محمدعلی اسدزاده,,55,,1404/05/29 از 10:30 تا 12:30,,كارشناسي پيوسته,حضوري,ارائه در سطح گروه آموزشی,,گروه آموزشي رياضيات و علوم کامپيوتر(7116314),163 - شيراز(163),163 - شيراز(71163),71 - فارس(71)
,62,4628129896,ریاضیات مهندسی,نظري,3,0,163543324,,سه شنبه از 07:30 تا 12:00 سه شنبه از ...,تاج الدین دریکوند,,55,,1404/05/25 از 10:30 تا 12:30,,كارشناسي پيوسته,حضوري,ارائه در سطح گروه آموزشی,,گروه آموزشي رياضيات و علوم کامپيوتر(7116314),163 - شيراز(163),163 - شيراز(71163),71 - فارس(71)
,63,7000031531,فیزیک 1,نظري,3,0,16301111130023,,سه شنبه از 07:30 تا 12:00,سیده نسرین حسینی مطلق,,40,,1404/05/25 از 10:00 تا 12:00,,كارشناسي پيوسته,حضوري,ارائه در سطح گروه آموزشی,,گروه آموزشي فيزيک(7116358),163 - شيراز(163),163 - شيراز(71163),71 - فارس(71)
,64,90610,اندیشه اسلامی 1 (مبدا ومعاد),نظري,2,0,1639061002,برادران,يكشنبه از 12:30 تا 17:30,دکتر مرتضی کشاورز,,25,,1404/05/27 از 14:30 تا 15:30,دانشکده علوم انسانی-110,كارشناسي پيوسته,حضوري,ارائه در سطح دانشکده,,گروه آموزشي دروس عمومي(7116399),163 - شيراز(163),163 - شيراز(71163),71 - فارس(71)
,65,90610,اندیشه اسلامی 1 (مبدا ومعاد),نظري,2,0,1639061001,خواهران,شنبه از 12:30 تا 17:30,دکتر مرتضی کشاورز,,25,,1404/05/27 از 14:30 تا 15:30,دانشکده علوم انسانی-210,كارشناسي پيوسته,حضوري,ارائه در سطح دانشکده,,گروه آموزشي دروس عمومي(7116399),163 - شيراز(163),163 - شيراز(71163),71 - فارس(71)
,66,100001,کارآموزی طرح پویش (2) کاردانی و کارشناسی,طرح پویش,0,2,16305,خواهران,,مریم خیرده,,50,,,,کاردانی پیوسته,حضوري,ارائه در سطح دانشکده,,گروه آموزشي تربيت بدني (علوم ورزشي)(7116343),163 - شيراز(163),163 - شيراز(71163),71 - فارس(71)
,67,100000,کارآموزی طرح پویش (1) کاردانی و کارشناسی,طرح پویش,0,2,16304,برادران,,مریم خیرده,,50,,,,کاردانی پیوسته,حضوري,ارائه در سطح دانشکده,,گروه آموزشي تربيت بدني (علوم ورزشي)(7116343),163 - شيراز(163),163 - شيراز(71163),71 - فارس(71)
,68,100000,کارآموزی طرح پویش (1) کاردانی و کارشناسی,طرح پویش,0,2,16303,خواهران,,مریم خیرده,,50,,,,کاردانی پیوسته,حضوري,ارائه در سطح دانشکده,,گروه آموزشي تربيت بدني (علوم ورزشي)(7116343),163 - شيراز(163),163 - شيراز(71163),71 - فارس(71)
,69,6425156372,کارآموزی,كارآموزي,0,2,16302,خواهران,,مریم خیرده,,20,,,,کاردانی پیوسته,حضوري,ارائه در سطح دانشکده,,گروه آموزشي تربيت بدني (علوم ورزشي)(7116343),163 - شيراز(163),163 - شيراز(71163),71 - فارس(71)
,70,6425156372,کارآموزی,كارآموزي,0,2,16301,خواهران,,سيدابوالقاسم صدري,,20,,,,کاردانی پیوسته,حضوري,ارائه در سطح دانشکده,,گروه آموزشي تربيت بدني (علوم ورزشي)(7116343),163 - شيراز(163),163 - شيراز(71163),71 - فارس(71)
,71,99041,تاریخ تحلیلی صدر اسلام‌,نظري,2,0,1639904107,برادران,پنج شنبه از 12:30 تا 17:30,مسعود مرادی,,25,,1404/05/29 از 14:30 تا 15:30,دانشکده علوم انسانی-103,كارشناسي پيوسته,حضوري,ارائه در سطح دانشکده,,گروه آموزشي دروس عمومي(7116399),163 - شيراز(163),163 - شيراز(71163),71 - فارس(71)
,72,99041,تاریخ تحلیلی صدر اسلام‌,نظري,2,0,1639044106,خواهران,پنج شنبه از 07:15 تا 12:15,مسعود مرادی,,30,,1404/05/29 از 14:30 تا 15:30,دانشکده علوم انسانی-103,كارشناسي پيوسته,حضوري,ارائه در سطح دانشکده,,گروه آموزشي دروس عمومي(7116399),163 - شيراز(163),163 - شيراز(71163),71 - فارس(71)
,73,99041,تاریخ تحلیلی صدر اسلام‌,نظري,2,0,1639904105,خواهران,چهارشنبه از 12:30 تا 17:30,مسعود مرادی,,25,,1404/05/29 از 14:30 تا 15:30,دانشکده علوم انسانی-103,كارشناسي پيوسته,حضوري,ارائه در سطح دانشکده,,گروه آموزشي دروس عمومي(7116399),163 - شيراز(163),163 - شيراز(71163),71 - فارس(71)
,74,7000025438,کارآموزی,كارآموزي,0,2,17061593,,,حیدر ایزد نشان,,10,,,,كارشناسي پيوسته,حضوري,ارائه در سطح استان,,گروه آموزشي مهندسي فوتونيک و اپتيک(7119883),198 - مرودشت(198),198 - مرودشت(71198),71 - فارس(71)
,75,100001,کارآموزی طرح پویش (2) کاردانی و کارشناسی,طرح پویش,0,2,888801,,,امیر محسنی آهویی,,50,,,,كارشناسي ناپيوسته,حضوري,ارائه در سطح گروه آموزشی,,گروه آموزشي کامپيوتر و فناوري اطلاعات(7116330),163 - شيراز(163),163 - شيراز(71163),71 - فارس(71)
,76,100000,کارآموزی طرح پویش (1) کاردانی و کارشناسی,طرح پویش,0,2,888800,,,امیر محسنی آهویی,,50,,,,كارشناسي ناپيوسته,حضوري,ارائه در سطح گروه آموزشی,,گروه آموزشي کامپيوتر و فناوري اطلاعات(7116330),163 - شيراز(163),163 - شيراز(71163),71 - فارس(71)
,77,6138114704,پروژه,عملي,0,3,888817,,,علی حسینی,,5,,,,كارشناسي ناپيوسته,حضوري,ارائه در سطح گروه آموزشی,,گروه آموزشي کامپيوتر و فناوري اطلاعات(7116330),163 - شيراز(163),163 - شيراز(71163),71 - فارس(71)
,78,6138114704,پروژه,عملي,0,3,888816,,,زهراسادات عصایی معمم,,5,,,,كارشناسي ناپيوسته,حضوري,ارائه در سطح گروه آموزشی,,گروه آموزشي کامپيوتر و فناوري اطلاعات(7116330),163 - شيراز(163),163 - شيراز(71163),71 - فارس(71)
,79,6138114704,پروژه,عملي,0,3,888814,,,سید سجاد موید,,5,,,,كارشناسي ناپيوسته,حضوري,ارائه در سطح گروه آموزشی,,گروه آموزشي کامپيوتر و فناوري اطلاعات(7116330),163 - شيراز(163),163 - شيراز(71163),71 - فارس(71)
,80,6138114704,پروژه,عملي,0,3,888813,,,سمیه حق طلبی,,5,,,,كارشناسي ناپيوسته,حضوري,ارائه در سطح گروه آموزشی,,گروه آموزشي کامپيوتر و فناوري اطلاعات(7116330),163 - شيراز(163),163 - شيراز(71163),71 - فارس(71)
,81,6138156372,کارآموزی,كارآموزي,0,2,888806,,,زهراسادات عصایی معمم,,5,,,,كارشناسي ناپيوسته,حضوري,ارائه در سطح گروه آموزشی,,گروه آموزشي کامپيوتر و فناوري اطلاعات(7116330),163 - شيراز(163),163 - شيراز(71163),71 - فارس(71)
,82,6138156372,کارآموزی,كارآموزي,0,2,888805,,,فهیمه تجرد,,5,,,,كارشناسي ناپيوسته,حضوري,ارائه در سطح گروه آموزشی,,گروه آموزشي کامپيوتر و فناوري اطلاعات(7116330),163 - شيراز(163),163 - شيراز(71163),71 - فارس(71)
,83,6138156372,کارآموزی,كارآموزي,0,2,888803,,,سمیه حق طلبی,,5,,,,كارشناسي ناپيوسته,حضوري,ارائه در سطح گروه آموزشی,,گروه آموزشي کامپيوتر و فناوري اطلاعات(7116330),163 - شيراز(163),163 - شيراز(71163),71 - فارس(71)
,84,6138156372,کارآموزی,كارآموزي,0,2,888801,,,علی حیدر زادگان,,5,,,,كارشناسي ناپيوسته,حضوري,ارائه در سطح گروه آموزشی,,گروه آموزشي کامپيوتر و فناوري اطلاعات(7116330),163 - شيراز(163),163 - شيراز(71163),71 - فارس(71)
,85,100001,کارآموزی طرح پویش (2) کاردانی و کارشناسی,طرح پویش,0,2,777701,,,امیر محسنی آهویی,,50,,,,کاردانی پیوسته,حضوري,ارائه در سطح گروه آموزشی,,گروه آموزشي کامپيوتر و فناوري اطلاعات(7116330),163 - شيراز(163),163 - شيراز(71163),71 - فارس(71)
,86,100000,کارآموزی طرح پویش (1) کاردانی و کارشناسی,طرح پویش,0,2,777700,,,امیر محسنی آهویی,,50,,,,کاردانی پیوسته,حضوري,ارائه در سطح گروه آموزشی,,گروه آموزشي کامپيوتر و فناوري اطلاعات(7116330),163 - شيراز(163),163 - شيراز(71163),71 - فارس(71)
,87,5990114704,پروژه,عملي,0,2,777716,,,زهراسادات عصایی معمم,,5,,,,کاردانی پیوسته,حضوري,ارائه در سطح گروه آموزشی,,گروه آموزشي کامپيوتر و فناوري اطلاعات(7116330),163 - شيراز(163),163 - شيراز(71163),71 - فارس(71)
,88,5990114704,پروژه,عملي,0,2,777715,,,فهیمه تجرد,,5,,,,کاردانی پیوسته,حضوري,ارائه در سطح گروه آموزشی,,گروه آموزشي کامپيوتر و فناوري اطلاعات(7116330),163 - شيراز(163),163 - شيراز(71163),71 - فارس(71)
,89,5990114704,پروژه,عملي,0,2,777713,,,سمیه حق طلبی,,5,,,,کاردانی پیوسته,حضوري,ارائه در سطح گروه آموزشی,,گروه آموزشي کامپيوتر و فناوري اطلاعات(7116330),163 - شيراز(163),163 - شيراز(71163),71 - فارس(71)
,90,5990114704,پروژه,عملي,0,2,777711,,,علی حیدر زادگان,,5,,,,کاردانی پیوسته,حضوري,ارائه در سطح گروه آموزشی,,گروه آموزشي کامپيوتر و فناوري اطلاعات(7116330),163 - شيراز(163),163 - شيراز(71163),71 - فارس(71)
,91,5990156372,کارآموزی,كارآموزي,0,2,777708,,,علی حسینی,,5,,,,کاردانی پیوسته,حضوري,ارائه در سطح گروه آموزشی,,گروه آموزشي کامپيوتر و فناوري اطلاعات(7116330),163 - شيراز(163),163 - شيراز(71163),71 - فارس(71)
,92,5990156372,کارآموزی,كارآموزي,0,2,777706,,,زهراسادات عصایی معمم,,5,,,,کاردانی پیوسته,حضوري,ارائه در سطح گروه آموزشی,,گروه آموزشي کامپيوتر و فناوري اطلاعات(7116330),163 - شيراز(163),163 - شيراز(71163),71 - فارس(71)
,93,5990156372,کارآموزی,كارآموزي,0,2,777705,,,فهیمه تجرد,,5,,,,کاردانی پیوسته,حضوري,ارائه در سطح گروه آموزشی,,گروه آموزشي کامپيوتر و فناوري اطلاعات(7116330),163 - شيراز(163),163 - شيراز(71163),71 - فارس(71)
,94,5990156372,کارآموزی,كارآموزي,0,2,777704,,,سید سجاد موید,,5,,,,کاردانی پیوسته,حضوري,ارائه در سطح گروه آموزشی,,گروه آموزشي کامپيوتر و فناوري اطلاعات(7116330),163 - شيراز(163),163 - شيراز(71163),71 - فارس(71)
,95,5990156372,کارآموزی,كارآموزي,0,2,777703,,,سمیه حق طلبی,,5,,,,کاردانی پیوسته,حضوري,ارائه در سطح گروه آموزشی,,گروه آموزشي کامپيوتر و فناوري اطلاعات(7116330),163 - شيراز(163),163 - شيراز(71163),71 - فارس(71)
,96,5990156372,کارآموزی,كارآموزي,0,2,777702,,,محبوبه اقتصاد,,5,,,,کاردانی پیوسته,حضوري,ارائه در سطح گروه آموزشی,,گروه آموزشي کامپيوتر و فناوري اطلاعات(7116330),163 - شيراز(163),163 - شيراز(71163),71 - فارس(71)
,97,5990156372,کارآموزی,كارآموزي,0,2,777701,,,علی حیدر زادگان,,5,,,,کاردانی پیوسته,حضوري,ارائه در سطح گروه آموزشی,,گروه آموزشي کامپيوتر و فناوري اطلاعات(7116330),163 - شيراز(163),163 - شيراز(71163),71 - فارس(71)
,98,7000009806,پروژه,عملي,0,3,17061592,,,حیدر ایزد نشان,,10,,,,كارشناسي پيوسته,حضوري,ارائه در سطح استان,,گروه آموزشي مهندسي فوتونيک و اپتيک(7119883),198 - مرودشت(198),198 - مرودشت(71198),71 - فارس(71)
,99,7000009595,ایمنی لیزر,نظري,1,0,17061591,,دوشنبه از 16:00 تا 19:00,حیدر ایزد نشان,,10,,,,كارشناسي پيوسته,حضوري,ارائه در سطح استان,,گروه آموزشي مهندسي فوتونيک و اپتيک(7119883),198 - مرودشت(198),198 - مرودشت(71198),71 - فارس(71)
,100,100002,کارآموزی طرح پویش (3) کاردانی و کارشناسی,طرح پویش,0,2,1639907356,,,الهام خوشاب,,50,,,,کارداني ناپیوسته,حضوري,ارائه در سطح دانشکده,,گروه آموزشي مهارتي فرهنگ و هنر(7116394),163 - شيراز(163),163 - شيراز(71163),71 - فارس(71)
,101,100001,کارآموزی طرح پویش (2) کاردانی و کارشناسی,طرح پویش,0,2,1639907348,,,الهام خوشاب,,50,,,,کاردانی پیوسته,حضوري,ارائه در سطح دانشکده,,گروه آموزشي بهداشت(7116386),163 - شيراز(163),163 - شيراز(71163),71 - فارس(71)
,102,100000,کارآموزی طرح پویش (1) کاردانی و کارشناسی,طرح پویش,0,2,1639907347,,,الهام خوشاب,,50,,,,کاردانی پیوسته,حضوري,ارائه در سطح دانشکده,,گروه آموزشي بهداشت(7116386),163 - شيراز(163),163 - شيراز(71163),71 - فارس(71)
,103,1050156433,کارآموزی 2,كارآموزي,0,2,1639907346,,,الهام خوشاب,,15,,,,کاردانی پیوسته,حضوري,ارائه در سطح دانشکده,,گروه آموزشي بهداشت(7116386),163 - شيراز(163),163 - شيراز(71163),71 - فارس(71)
,104,100001,کارآموزی طرح پویش (2) کاردانی و کارشناسی,طرح پویش,0,2,1639907355,,,الهام خوشاب,,50,,,,کارداني ناپیوسته,حضوري,ارائه در سطح دانشکده,,گروه آموزشي مهارتي فرهنگ و هنر(7116394),163 - شيراز(163),163 - شيراز(71163),71 - فارس(71)
,105,100000,کارآموزی طرح پویش (1) کاردانی و کارشناسی,طرح پویش,0,2,1639907354,,,الهام خوشاب,,50,,,,کارداني ناپیوسته,حضوري,ارائه در سطح دانشکده,,گروه آموزشي مهارتي فرهنگ و هنر(7116394),163 - شيراز(163),163 - شيراز(71163),71 - فارس(71)
,106,1663156372,کارآموزی,كارآموزي,0,2,1639907353,,,سید محمد حجی خراسانی.,,10,,,,کارداني ناپیوسته,حضوري,ارائه در سطح دانشکده,,گروه آموزشي مهارتي فرهنگ و هنر(7116394),163 - شيراز(163),163 - شيراز(71163),71 - فارس(71)
,107,1663156372,کارآموزی,كارآموزي,0,2,1639907352,,,الهام خوشاب,,10,,,,کارداني ناپیوسته,حضوري,ارائه در سطح دانشکده,,گروه آموزشي مهارتي فرهنگ و هنر(7116394),163 - شيراز(163),163 - شيراز(71163),71 - فارس(71)
,108,1388166015,کارورزی 2,كارورزي,0,2,1639907351,,,سید محمد حجی خراسانی.,,15,,,,کارداني ناپیوسته,حضوري,ارائه در سطح دانشکده,,گروه آموزشي مهارتي فرهنگ و هنر(7116394),163 - شيراز(163),163 - شيراز(71163),71 - فارس(71)
,109,1499166014,کارورزی 1,كارورزي,0,2,1639907350,,,الهام خوشاب,,15,,,,کارداني ناپیوسته,حضوري,ارائه در سطح دانشکده,,گروه آموزشي مهارتي فرهنگ و هنر(7116394),163 - شيراز(163),163 - شيراز(71163),71 - فارس(71)
,110,100002,کارآموزی طرح پویش (3) کاردانی و کارشناسی,طرح پویش,0,2,1639907349,,,الهام خوشاب,,50,,,,کاردانی پیوسته,حضوري,ارائه در سطح دانشکده,,گروه آموزشي بهداشت(7116386),163 - شيراز(163),163 - شيراز(71163),71 - فارس(71)
,111,90763,تفسیر موضوعی قرآن,نظري,2,0,1639076308,خواهران,يكشنبه از 12:30 تا 17:30,سیدمحمدحسین معزی,,25,,1404/05/28 از 14:30 تا 15:30,دانشکده علوم انسانی-210,كارشناسي پيوسته,حضوري,ارائه در سطح دانشکده,,گروه آموزشي دروس عمومي(7116399),163 - شيراز(163),163 - شيراز(71163),71 - فارس(71)
,112,99041,تاریخ تحلیلی صدر اسلام‌,نظري,2,0,1639904104,برادران,يكشنبه از 07:15 تا 12:15,اسفندیار احمدی,,30,,1404/05/29 از 14:30 تا 15:30,دانشکده علوم انسانی-109,كارشناسي پيوسته,حضوري,ارائه در سطح دانشکده,,گروه آموزشي دروس عمومي(7116399),163 - شيراز(163),163 - شيراز(71163),71 - فارس(71)
,113,99041,تاریخ تحلیلی صدر اسلام‌,نظري,2,0,1639904103,خواهران,شنبه از 07:15 تا 12:15,اسفندیار احمدی,,25,,1404/05/29 از 14:30 تا 15:30,دانشکده علوم انسانی-109,كارشناسي پيوسته,حضوري,ارائه در سطح دانشکده,,گروه آموزشي دروس عمومي(7116399),163 - شيراز(163),163 - شيراز(71163),71 - فارس(71)
,114,90763,تفسیر موضوعی قرآن,نظري,2,0,1639076307,برادران,يكشنبه از 07:15 تا 12:15,محمد جواد رحمانی,,25,,1404/05/25 از 14:30 تا 15:30,دانشکده علوم انسانی-106,كارشناسي پيوسته,حضوري,ارائه در سطح دانشکده,,گروه آموزشي دروس عمومي(7116399),163 - شيراز(163),163 - شيراز(71163),71 - فارس(71)
,115,99073,اندیشه های امامین انقلاب اسلامی و وصایای حضرت امام خمینی(ره),نظري,1,0,1639907310,خواهران,شنبه از 12:30 تا 17:30,ندا رستگاران,,25,,1404/05/25 از 13:00 تا 14:00,دانشکده علوم انسانی-106,كارشناسي پيوسته,حضوري,ارائه در سطح دانشکده,,گروه آموزشي دروس عمومي(7116399),163 - شيراز(163),163 - شيراز(71163),71 - فارس(71)
,116,99073,اندیشه های امامین انقلاب اسلامی و وصایای حضرت امام خمینی(ره),نظري,1,0,1639907309,خواهران,شنبه از 07:15 تا 12:15,ندا رستگاران,,25,,1404/05/25 از 13:00 تا 14:00,دانشکده علوم انسانی-106,كارشناسي پيوسته,حضوري,ارائه در سطح دانشکده,,گروه آموزشي دروس عمومي(7116399),163 - شيراز(163),163 - شيراز(71163),71 - فارس(71)
,117,99073,اندیشه های امامین انقلاب اسلامی و وصایای حضرت امام خمینی(ره),نظري,1,0,1639907308,برادران,شنبه از 12:30 تا 17:30,عبدالحمید غریب نواز,,25,,1404/05/25 از 13:00 تا 14:00,دانشکده علوم انسانی-105,كارشناسي پيوسته,حضوري,ارائه در سطح دانشکده,,گروه آموزشي دروس عمومي(7116399),163 - شيراز(163),163 - شيراز(71163),71 - فارس(71)
,118,99073,اندیشه های امامین انقلاب اسلامی و وصایای حضرت امام خمینی(ره),نظري,1,0,1639907307,برادران,شنبه از 07:15 تا 12:15,عبدالحمید غریب نواز,,25,,1404/05/25 از 13:00 تا 14:00,دانشکده علوم انسانی-105,كارشناسي پيوسته,حضوري,ارائه در سطح دانشکده,,گروه آموزشي دروس عمومي(7116399),163 - شيراز(163),163 - شيراز(71163),71 - فارس(71)
,119,99073,اندیشه های امامین انقلاب اسلامی و وصایای حضرت امام خمینی(ره),نظري,1,0,1639907306,برادران,يكشنبه از 12:30 تا 17:30,عبدالحمید غریب نواز,,25,,1404/05/25 از 13:00 تا 14:00,دانشکده علوم انسانی-105,كارشناسي پيوسته,حضوري,ارائه در سطح دانشکده,,گروه آموزشي دروس عمومي(7116399),163 - شيراز(163),163 - شيراز(71163),71 - فارس(71)
,120,99073,اندیشه های امامین انقلاب اسلامی و وصایای حضرت امام خمینی(ره),نظري,1,0,1639907305,برادران,يكشنبه از 07:15 تا 12:15,عبدالحمید غریب نواز,,25,,1404/05/25 از 13:00 تا 14:00,دانشکده علوم انسانی-105,كارشناسي پيوسته,حضوري,ارائه در سطح دانشکده,,گروه آموزشي دروس عمومي(7116399),163 - شيراز(163),163 - شيراز(71163),71 - فارس(71)
,121,55001,ریاضیات پایه(پیش نیاز دانشگاهی),نظري,2,0,163543323,,دوشنبه از 12:30 تا 17:30,محمدهادی هوشمند,,0,,1404/05/28 از 10:30 تا 12:30,,كارشناسي پيوسته,حضوري,ارائه در سطح گروه آموزشی,,گروه آموزشي رياضيات و علوم کامپيوتر(7116314),163 - شيراز(163),163 - شيراز(71163),71 - فارس(71)
,122,55001,ریاضیات پایه(پیش نیاز دانشگاهی),نظري,2,0,163543322,,دوشنبه از 12:30 تا 17:30,محمدهادی هوشمند,,0,,1404/05/28 از 10:30 تا 12:30,,كارشناسي پيوسته,حضوري,ارائه در سطح گروه آموزشی,,گروه آموزشي رياضيات و علوم کامپيوتر(7116314),163 - شيراز(163),163 - شيراز(71163),71 - فارس(71)
,123,55001,ریاضیات پایه(پیش نیاز دانشگاهی),نظري,2,0,163543321,,سه شنبه از 07:15 تا 12:15,سمیه صادق زاده,,0,,1404/05/28 از 10:30 تا 12:30,,كارشناسي پيوسته,حضوري,ارائه در سطح گروه آموزشی,,گروه آموزشي رياضيات و علوم کامپيوتر(7116314),163 - شيراز(163),163 - شيراز(71163),71 - فارس(71)
,124,7000031529,معادلات دیفرانسیل,نظري,3,0,163543320,,دوشنبه از 07:30 تا 12:00 دوشنبه از از ...,وحيد مخبري,,0,,1404/05/26 از 10:30 تا 12:30,,كارشناسي پيوسته,حضوري,ارائه در سطح گروه آموزشی,,گروه آموزشي رياضيات و علوم کامپيوتر(7116314),163 - شيراز(163),163 - شيراز(71163),71 - فارس(71)
,125,7000031529,معادلات دیفرانسیل,نظري,3,0,163543319,,سه شنبه از 07:30 تا 12:00 سه شنبه از ...,وحيد مخبري,,0,,1404/05/26 از 10:30 تا 12:30,,كارشناسي پيوسته,حضوري,ارائه در سطح گروه آموزشی,,گروه آموزشي رياضيات و علوم کامپيوتر(7116314),163 - شيراز(163),163 - شيراز(71163),71 - فارس(71)
,126,7000031529,معادلات دیفرانسیل,نظري,3,0,163543318,,چهارشنبه از 07:30 تا 12:00 چهارشنبه از ...,وحيد مخبري,,0,,1404/05/26 از 10:30 تا 12:30,,كارشناسي پيوسته,حضوري,ارائه در سطح گروه آموزشی,,گروه آموزشي رياضيات و علوم کامپيوتر(7116314),163 - شيراز(163),163 - شيراز(71163),71 - فارس(71)
,127,4628150360,معادلات دیفرانسیل,نظري,3,0,163543317,,دوشنبه از 07:30 تا 12:00 دوشنبه از از ...,وحيد مخبري,,0,,1404/05/26 از 10:30 تا 12:30,,كارشناسي پيوسته,حضوري,ارائه در سطح گروه آموزشی,,گروه آموزشي رياضيات و علوم کامپيوتر(7116314),163 - شيراز(163),163 - شيراز(71163),71 - فارس(71)
,128,4628150360,معادلات دیفرانسیل,نظري,3,0,163543316,,سه شنبه از 07:30 تا 12:00 سه شنبه از ...,وحيد مخبري,,0,,1404/05/26 از 10:30 تا 12:30,,كارشناسي پيوسته,حضوري,ارائه در سطح گروه آموزشی,,گروه آموزشي رياضيات و علوم کامپيوتر(7116314),163 - شيراز(163),163 - شيراز(71163),71 - فارس(71)
,129,4628150360,معادلات دیفرانسیل,نظري,3,0,163543315,,چهارشنبه از 07:30 تا 12:00 چهارشنبه از ...,وحيد مخبري,,0,,1404/05/26 از 10:30 تا 12:30,,كارشناسي پيوسته,حضوري,ارائه در سطح گروه آموزشی,,گروه آموزشي رياضيات و علوم کامپيوتر(7116314),163 - شيراز(163),163 - شيراز(71163),71 - فارس(71)
,130,7000031528,ریاضی عمومی 2,نظري,3,0,163543314,,دوشنبه از 07:30 تا 12:00 دوشنبه از از ...,علی کیانی,,0,,1404/05/27 از 10:30 تا 12:30,,كارشناسي پيوسته,حضوري,ارائه در سطح گروه آموزشی,,گروه آموزشي رياضيات و علوم کامپيوتر(7116314),163 - شيراز(163),163 - شيراز(71163),71 - فارس(71)
,131,7000031528,ریاضی عمومی 2,نظري,3,0,163543313,,سه شنبه از 07:30 تا 12:00 سه شنبه از ...,لاله افتاده,,0,,1404/05/27 از 10:30 تا 12:30,,كارشناسي پيوسته,حضوري,ارائه در سطح گروه آموزشی,,گروه آموزشي رياضيات و علوم کامپيوتر(7116314),163 - شيراز(163),163 - شيراز(71163),71 - فارس(71)
,132,7000031528,ریاضی عمومی 2,نظري,3,0,163543312,,دوشنبه از 07:30 تا 12:00 دوشنبه از از ...,بهرام عزیزی,,0,,1404/05/27 از 10:30 تا 12:30,,كارشناسي پيوسته,حضوري,ارائه در سطح گروه آموزشی,,گروه آموزشي رياضيات و علوم کامپيوتر(7116314),163 - شيراز(163),163 - شيراز(71163),71 - فارس(71)
,133,4628129685,ریاضی‌ عمومی‌ 2,نظري,3,0,163543311,,دوشنبه از 07:30 تا 12:00 دوشنبه از از ...,علی کیانی,,0,,1404/05/27 از 10:30 تا 12:30,,كارشناسي پيوسته,حضوري,ارائه در سطح گروه آموزشی,,گروه آموزشي رياضيات و علوم کامپيوتر(7116314),163 - شيراز(163),163 - شيراز(71163),71 - فارس(71)
,134,4628129685,ریاضی‌ عمومی‌ 2,نظري,3,0,163543310,,سه شنبه از 07:30 تا 12:00 سه شنبه از ...,لاله افتاده,,0,,1404/05/27 از 10:30 تا 12:30,,كارشناسي پيوسته,حضوري,ارائه در سطح گروه آموزشی,,گروه آموزشي رياضيات و علوم کامپيوتر(7116314),163 - شيراز(163),163 - شيراز(71163),71 - فارس(71)
,135,4628129685,ریاضی‌ عمومی‌ 2,نظري,3,0,163543309,,دوشنبه از 07:30 تا 12:00 دوشنبه از از ...,بهرام عزیزی,,0,,1404/05/27 از 10:30 تا 12:30,,كارشناسي پيوسته,حضوري,ارائه در سطح گروه آموزشی,,گروه آموزشي رياضيات و علوم کامپيوتر(7116314),163 - شيراز(163),163 - شيراز(71163),71 - فارس(71)
,136,7000031527,ریاضی عمومی 1,نظري,3,0,163543308,,دوشنبه از 07:30 تا 12:00 دوشنبه از از ...,ام البنین معطنی,,0,,1404/05/30 از 10:30 تا 12:30,,كارشناسي پيوسته,حضوري,ارائه در سطح گروه آموزشی,,گروه آموزشي رياضيات و علوم کامپيوتر(7116314),163 - شيراز(163),163 - شيراز(71163),71 - فارس(71)
,137,7000031527,ریاضی عمومی 1,نظري,3,0,163543307,,چهارشنبه از 07:30 تا 12:00 چهارشنبه از ...,علی کیانی,,0,,1404/05/30 از 10:30 تا 12:30,,كارشناسي پيوسته,حضوري,ارائه در سطح گروه آموزشی,,گروه آموزشي رياضيات و علوم کامپيوتر(7116314),163 - شيراز(163),163 - شيراز(71163),71 - فارس(71)
,138,7000031527,ریاضی عمومی 1,نظري,3,0,163543306,,سه شنبه از 07:30 تا 12:00 سه شنبه از ...,علی کیانی,,0,,1404/05/30 از 10:30 تا 12:30,,كارشناسي پيوسته,حضوري,ارائه در سطح گروه آموزشی,,گروه آموزشي رياضيات و علوم کامپيوتر(7116314),163 - شيراز(163),163 - شيراز(71163),71 - فارس(71)
,139,4628165140,ریاضی عمومی 1,نظري,3,0,163543305,,دوشنبه از 07:30 تا 12:00 دوشنبه از از ...,ام البنین معطنی,,0,,1404/05/30 از 10:30 تا 12:30,,كارشناسي پيوسته,حضوري,ارائه در سطح گروه آموزشی,,گروه آموزشي رياضيات و علوم کامپيوتر(7116314),163 - شيراز(163),163 - شيراز(71163),71 - فارس(71)
,140,4628165140,ریاضی عمومی 1,نظري,3,0,163543304,,چهارشنبه از 07:30 تا 12:00 چهارشنبه از ...,علی کیانی,,0,,1404/05/30 از 10:30 تا 12:30,,كارشناسي پيوسته,حضوري,ارائه در سطح گروه آموزشی,,گروه آموزشي رياضيات و علوم کامپيوتر(7116314),163 - شيراز(163),163 - شيراز(71163),71 - فارس(71)
,141,4628165140,ریاضی عمومی 1,نظري,3,0,163543303,,سه شنبه از 07:30 تا 12:00 سه شنبه از ...,علی کیانی,,0,,1404/05/30 از 10:30 تا 12:30,,كارشناسي پيوسته,حضوري,ارائه در سطح گروه آموزشی,,گروه آموزشي رياضيات و علوم کامپيوتر(7116314),163 - شيراز(163),163 - شيراز(71163),71 - فارس(71)
,142,4628141492,فیزیک 2,نظري,3,0,163543302,,سه شنبه از 07:30 تا 12:00 سه شنبه از ...,دکترمحمدهادی پیراحمدیان,,40,,1404/05/25 از 10:00 تا 12:00,,كارشناسي پيوسته,حضوري,ارائه در سطح گروه آموزشی,,گروه آموزشي فيزيک(7116358),163 - شيراز(163),163 - شيراز(71163),71 - فارس(71)
,143,4628141460,فیزیک 1,نظري,3,0,163543301,,چهارشنبه از 07:30 تا 12:00 چهارشنبه از ...,دکترمحمدهادی پیراحمدیان,,40,,1404/05/25 از 08:00 تا 10:00,,كارشناسي پيوسته,حضوري,ارائه در سطح گروه آموزشی,,گروه آموزشي فيزيک(7116358),163 - شيراز(163),163 - شيراز(71163),71 - فارس(71)
,144,90755,انقلاب اسلامی ایران,نظري,2,0,1639075510,خواهران,يكشنبه از 12:30 تا 17:30,مصطفی بخرد,,30,,1404/05/26 از 14:30 تا 15:30,دانشکده علوم انسانی-114,كارشناسي پيوسته,حضوري,ارائه در سطح دانشکده,,گروه آموزشي دروس عمومي(7116399),163 - شيراز(163),163 - شيراز(71163),71 - فارس(71)
,145,90755,انقلاب اسلامی ایران,نظري,2,0,1639075509,برادران,يكشنبه از 07:15 تا 12:15,مصطفی بخرد,,30,,1404/05/26 از 14:30 تا 15:30,دانشکده علوم انسانی-114,كارشناسي پيوسته,حضوري,ارائه در سطح دانشکده,,گروه آموزشي دروس عمومي(7116399),163 - شيراز(163),163 - شيراز(71163),71 - فارس(71)
,146,90755,انقلاب اسلامی ایران,نظري,2,0,1639075508,برادران,شنبه از 12:30 تا 17:30,مصطفی بخرد,,25,,1404/05/26 از 14:30 تا 15:30,دانشکده علوم انسانی-114,كارشناسي پيوسته,حضوري,ارائه در سطح دانشکده,,گروه آموزشي دروس عمومي(7116399),163 - شيراز(163),163 - شيراز(71163),71 - فارس(71)
,147,90755,انقلاب اسلامی ایران,نظري,2,0,1639075507,خواهران,شنبه از 07:15 تا 12:15,مصطفی بخرد,,30,,1404/05/26 از 14:30 تا 15:30,دانشکده علوم انسانی-114,كارشناسي پيوسته,حضوري,ارائه در سطح دانشکده,,گروه آموزشي دروس عمومي(7116399),163 - شيراز(163),163 - شيراز(71163),71 - فارس(71)
,148,90755,انقلاب اسلامی ایران,نظري,2,0,1639075506,خواهران,يكشنبه از 12:30 تا 17:30,غلامحسین زارع,,30,,1404/05/26 از 14:30 تا 15:30,دانشکده علوم انسانی-111,كارشناسي پيوسته,حضوري,ارائه در سطح دانشکده,,گروه آموزشي دروس عمومي(7116399),163 - شيراز(163),163 - شيراز(71163),71 - فارس(71)
,149,90755,انقلاب اسلامی ایران,نظري,2,0,1639075505,برادران,يكشنبه از 07:15 تا 12:15,غلامحسین زارع,,25,,1404/05/26 از 14:30 تا 15:30,دانشکده علوم انسانی-111,كارشناسي پيوسته,حضوري,ارائه در سطح دانشکده,,گروه آموزشي دروس عمومي(7116399),163 - شيراز(163),163 - شيراز(71163),71 - فارس(71)
,150,90755,انقلاب اسلامی ایران,نظري,2,0,1639075504,برادران,شنبه از 12:30 تا 17:30,غلامحسین زارع,,30,,1404/05/26 از 14:30 تا 15:30,دانشکده علوم انسانی-111,كارشناسي پيوسته,حضوري,ارائه در سطح دانشکده,,گروه آموزشي دروس عمومي(7116399),163 - شيراز(163),163 - شيراز(71163),71 - فارس(71)
,151,90755,انقلاب اسلامی ایران,نظري,2,0,1639075503,خواهران,شنبه از 07:15 تا 12:15,غلامحسین زارع,,30,,1404/05/26 از 14:30 تا 15:30,دانشکده علوم انسانی-111,كارشناسي پيوسته,حضوري,ارائه در سطح دانشکده,,گروه آموزشي دروس عمومي(7116399),163 - شيراز(163),163 - شيراز(71163),71 - فارس(71)
,152,99041,تاریخ تحلیلی صدر اسلام‌,نظري,2,0,1639904102,برادران,يكشنبه از 07:15 تا 12:15,عبدالعلی تجرد,,30,,1404/05/29 از 14:30 تا 15:30,دانشکده علوم انسانی-113,كارشناسي پيوسته,حضوري,ارائه در سطح دانشکده,,گروه آموزشي دروس عمومي(7116399),163 - شيراز(163),163 - شيراز(71163),71 - فارس(71)
,153,99041,تاریخ تحلیلی صدر اسلام‌,نظري,2,0,1639904101,خواهران,شنبه از 07:15 تا 12:15,عبدالعلی تجرد,,20,,1404/05/29 از 14:30 تا 15:30,دانشکده علوم انسانی-113,كارشناسي پيوسته,حضوري,ارائه در سطح دانشکده,,گروه آموزشي دروس عمومي(7116399),163 - شيراز(163),163 - شيراز(71163),71 - فارس(71)
,154,90755,انقلاب اسلامی ایران,نظري,2,0,1639075502,خواهران,شنبه از 12:30 تا 17:30,زهرا قاسمی,,30,,1404/05/26 از 14:30 تا 15:30,دانشکده علوم انسانی-103,كارشناسي پيوسته,حضوري,ارائه در سطح دانشکده,,گروه آموزشي دروس عمومي(7116399),163 - شيراز(163),163 - شيراز(71163),71 - فارس(71)
,155,99073,اندیشه های امامین انقلاب اسلامی و وصایای حضرت امام خمینی(ره),نظري,1,0,1639907304,خواهران,يكشنبه از 12:30 تا 17:30,ژاله سلطانی سروستانی,,25,,1404/05/25 از 13:00 تا 14:00,دانشکده علوم انسانی-8,كارشناسي پيوسته,حضوري,ارائه در سطح دانشکده,,گروه آموزشي دروس عمومي(7116399),163 - شيراز(163),163 - شيراز(71163),71 - فارس(71)
,156,99073,اندیشه های امامین انقلاب اسلامی و وصایای حضرت امام خمینی(ره),نظري,1,0,1639907303,خواهران,يكشنبه از 07:15 تا 12:15,ژاله سلطانی سروستانی,,25,,1404/05/25 از 13:00 تا 14:00,دانشکده علوم انسانی-8,كارشناسي پيوسته,حضوري,ارائه در سطح دانشکده,,گروه آموزشي دروس عمومي(7116399),163 - شيراز(163),163 - شيراز(71163),71 - فارس(71)
,157,99073,اندیشه های امامین انقلاب اسلامی و وصایای حضرت امام خمینی(ره),نظري,1,0,1639907302,خواهران,شنبه از 12:30 تا 17:30,ژاله سلطانی سروستانی,,25,,1404/05/25 از 13:00 تا 14:00,دانشکده علوم انسانی-10,كارشناسي پيوسته,حضوري,ارائه در سطح دانشکده,,گروه آموزشي دروس عمومي(7116399),163 - شيراز(163),163 - شيراز(71163),71 - فارس(71)
,158,99073,اندیشه های امامین انقلاب اسلامی و وصایای حضرت امام خمینی(ره),نظري,1,0,1639907301,خواهران,شنبه از 07:15 تا 12:15,ژاله سلطانی سروستانی,,25,,1404/05/25 از 13:00 تا 14:00,دانشکده علوم انسانی-10,كارشناسي پيوسته,حضوري,ارائه در سطح دانشکده,,گروه آموزشي دروس عمومي(7116399),163 - شيراز(163),163 - شيراز(71163),71 - فارس(71)
,159,90763,تفسیر موضوعی قرآن,نظري,2,0,1639076306,برادران,شنبه از 12:30 تا 17:30,صدراله جمشیدی,,25,,1404/05/28 از 14:30 تا 15:30,دانشکده علوم انسانی-8,كارشناسي پيوسته,حضوري,ارائه در سطح دانشکده,,گروه آموزشي دروس عمومي(7116399),163 - شيراز(163),163 - شيراز(71163),71 - فارس(71)
,160,90763,تفسیر موضوعی قرآن,نظري,2,0,1639076305,خواهران,شنبه از 07:15 تا 12:15,صدراله جمشیدی,,25,,1404/05/28 از 14:30 تا 15:30,دانشکده علوم انسانی-8,كارشناسي پيوسته,حضوري,ارائه در سطح دانشکده,,گروه آموزشي دروس عمومي(7116399),163 - شيراز(163),163 - شيراز(71163),71 - فارس(71)
,161,100002,کارآموزی طرح پویش (3) کاردانی و کارشناسی,طرح پویش,0,2,1639088116,,,الهام خوشاب,,50,,,,کاردانی پیوسته,حضوري,ارائه در سطح دانشکده,,گروه آموزشي نساجي(7116335),163 - شيراز(163),163 - شيراز(71163),71 - فارس(71)
,162,100001,کارآموزی طرح پویش (2) کاردانی و کارشناسی,طرح پویش,0,2,1639088115,,,الهام خوشاب,,50,,,,کاردانی پیوسته,حضوري,ارائه در سطح دانشکده,,گروه آموزشي نساجي(7116335),163 - شيراز(163),163 - شيراز(71163),71 - فارس(71)
,163,100000,کارآموزی طرح پویش (1) کاردانی و کارشناسی,طرح پویش,0,2,1639088114,,,الهام خوشاب,,50,,,,کاردانی پیوسته,حضوري,ارائه در سطح دانشکده,,گروه آموزشي نساجي(7116335),163 - شيراز(163),163 - شيراز(71163),71 - فارس(71)
,164,100002,کارآموزی طرح پویش (3) کاردانی و کارشناسی,طرح پویش,0,2,1639088113,,,سید محمد حجی خراسانی.,,50,,,,کاردانی پیوسته,حضوري,ارائه در سطح دانشکده,,گروه آموزشي نساجي(7116335),163 - شيراز(163),163 - شيراز(71163),71 - فارس(71)
,165,100001,کارآموزی طرح پویش (2) کاردانی و کارشناسی,طرح پویش,0,2,1639088112,,,سید محمد حجی خراسانی.,,50,,,,کاردانی پیوسته,حضوري,ارائه در سطح دانشکده,,گروه آموزشي نساجي(7116335),163 - شيراز(163),163 - شيراز(71163),71 - فارس(71)
,166,100000,کارآموزی طرح پویش (1) کاردانی و کارشناسی,طرح پویش,0,2,1639088111,,,سید محمد حجی خراسانی.,,50,,,,کاردانی پیوسته,حضوري,ارائه در سطح دانشکده,,گروه آموزشي نساجي(7116335),163 - شيراز(163),163 - شيراز(71163),71 - فارس(71)
,167,5865156371,کاراموزی 1,كارآموزي,0,1,1639088110,,,سید محمد حجی خراسانی.,,10,,,,کاردانی پیوسته,حضوري,ارائه در سطح دانشکده,,گروه آموزشي نساجي(7116335),163 - شيراز(163),163 - شيراز(71163),71 - فارس(71)
,168,5865156433,کارآموزی 2,كارآموزي,0,1,1639088107,,,سید محمد حجی خراسانی.,,10,,,,کاردانی پیوسته,حضوري,ارائه در سطح دانشکده,,گروه آموزشي نساجي(7116335),163 - شيراز(163),163 - شيراز(71163),71 - فارس(71)
,169,5865156433,کارآموزی 2,كارآموزي,0,1,1639088105,,,الهام خوشاب,,10,,,,کاردانی پیوسته,حضوري,ارائه در سطح دانشکده,,گروه آموزشي نساجي(7116335),163 - شيراز(163),163 - شيراز(71163),71 - فارس(71)
,170,90763,تفسیر موضوعی قرآن,نظري,2,0,1639076302,برادران,يكشنبه از 07:15 تا 12:15,عليرضا علي زاده,,25,,1404/05/28 از 14:30 تا 15:30,دانشکده علوم انسانی-10,كارشناسي پيوسته,حضوري,ارائه در سطح دانشکده,,گروه آموزشي دروس عمومي(7116399),163 - شيراز(163),163 - شيراز(71163),71 - فارس(71)
,171,90755,انقلاب اسلامی ایران,نظري,2,0,1639075501,خواهران,يكشنبه از 12:30 تا 17:30,محمد آزاد,,30,,1404/05/26 از 14:30 تا 15:30,دانشکده علوم انسانی-206,كارشناسي پيوسته,حضوري,ارائه در سطح دانشکده,,گروه آموزشي دروس عمومي(7116399),163 - شيراز(163),163 - شيراز(71163),71 - فارس(71)
,172,99083,انس با قرآن کریم,نظري,1,0,163811010,,چهارشنبه از 12:30 تا 17:30,فاطمه علی زاده,,26,,1404/05/26 از 13:00 تا 14:00,,كارشناسي پيوسته,حضوري,ارائه در سطح دانشکده,,گروه آموزشي دروس عمومي(7116399),163 - شيراز(163),163 - شيراز(71163),71 - فارس(71)
,173,90763,تفسیر موضوعی قرآن,نظري,2,0,1639076301,برادران,يكشنبه از 07:15 تا 12:15,عبدالحمید فرزانه,,25,,1404/05/28 از 14:30 تا 15:30,دانشکده علوم انسانی-9,كارشناسي پيوسته,حضوري,ارائه در سطح دانشکده,,گروه آموزشي دروس عمومي(7116399),163 - شيراز(163),163 - شيراز(71163),71 - فارس(71)
,174,99083,انس با قرآن کریم,نظري,1,0,163811009,,شنبه از 12:30 تا 17:30,فاطمه علی زاده,,26,,1404/05/26 از 13:00 تا 14:00,,كارشناسي پيوسته,حضوري,ارائه در سطح دانشکده,,گروه آموزشي دروس عمومي(7116399),163 - شيراز(163),163 - شيراز(71163),71 - فارس(71)
,175,99083,انس با قرآن کریم,نظري,1,0,163811008,,سه شنبه از 12:30 تا 17:30,عبدالحمید غریب نواز,,26,,1404/05/26 از 13:00 تا 14:00,,كارشناسي پيوسته,حضوري,ارائه در سطح دانشکده,,گروه آموزشي دروس عمومي(7116399),163 - شيراز(163),163 - شيراز(71163),71 - فارس(71)
,176,99083,انس با قرآن کریم,نظري,1,0,163811005,,سه شنبه از 07:15 تا 12:15,عبدالحمید غریب نواز,,26,,1404/05/26 از 13:00 تا 14:00,,كارشناسي پيوسته,حضوري,ارائه در سطح دانشکده,,گروه آموزشي دروس عمومي(7116399),163 - شيراز(163),163 - شيراز(71163),71 - فارس(71)
,177,99083,انس با قرآن کریم,نظري,1,0,163811004,,دوشنبه از 12:30 تا 17:30,عبدالحمید غریب نواز,,26,,1404/05/26 از 13:00 تا 14:00,,كارشناسي پيوسته,حضوري,ارائه در سطح دانشکده,,گروه آموزشي دروس عمومي(7116399),163 - شيراز(163),163 - شيراز(71163),71 - فارس(71)
,178,99083,انس با قرآن کریم,نظري,1,0,163811003,,دوشنبه از 07:15 تا 12:15,عبدالحمید غریب نواز,,26,,1404/05/26 از 13:00 تا 14:00,,كارشناسي پيوسته,حضوري,ارائه در سطح دانشکده,,گروه آموزشي دروس عمومي(7116399),163 - شيراز(163),163 - شيراز(71163),71 - فارس(71)
,179,99083,انس با قرآن کریم,نظري,1,0,163811002,,دوشنبه از 12:30 تا 17:30,ژاله سلطانی سروستانی,,26,,1404/05/26 از 13:00 تا 14:00,,كارشناسي پيوسته,حضوري,ارائه در سطح دانشکده,,گروه آموزشي دروس عمومي(7116399),163 - شيراز(163),163 - شيراز(71163),71 - فارس(71)
,180,99083,انس با قرآن کریم,نظري,1,0,163811001,,دوشنبه از 07:15 تا 12:15,ژاله سلطانی سروستانی,,26,,1404/05/26 از 13:00 تا 14:00,,كارشناسي پيوسته,حضوري,ارائه در سطح دانشکده,,گروه آموزشي دروس عمومي(7116399),163 - شيراز(163),163 - شيراز(71163),71 - فارس(71)
,181,4628156372,کارآموزی,كارآموزي,0,1,40340,,,امین اسکندری,,200,,,,كارشناسي پيوسته,حضوري,ارائه در سطح گروه آموزشی,,گروه آموزشي کامپيوتر و فناوري اطلاعات(7116330),163 - شيراز(163),163 - شيراز(71163),71 - فارس(71)
,182,4628156372,کارآموزی,كارآموزي,0,1,403339,,,امین طوسی,,200,,,,كارشناسي پيوسته,حضوري,ارائه در سطح گروه آموزشی,,گروه آموزشي کامپيوتر و فناوري اطلاعات(7116330),163 - شيراز(163),163 - شيراز(71163),71 - فارس(71)
,183,4628183688,پروژه نرم افزار,عملي,0,3,403338,,,امین اسکندری,,200,,,,كارشناسي پيوسته,حضوري,ارائه در سطح گروه آموزشی,,گروه آموزشي کامپيوتر و فناوري اطلاعات(7116330),163 - شيراز(163),163 - شيراز(71163),71 - فارس(71)
,184,4628183688,پروژه نرم افزار,عملي,0,3,403337,,,امین طوسی,,200,,,,كارشناسي پيوسته,حضوري,ارائه در سطح گروه آموزشی,,گروه آموزشي کامپيوتر و فناوري اطلاعات(7116330),163 - شيراز(163),163 - شيراز(71163),71 - فارس(71)
,185,4628114947,پروژه فناوری اطلاعات,عملي,0,3,403336,,,امین اسکندری,,200,,,,كارشناسي پيوسته,حضوري,ارائه در سطح گروه آموزشی,,گروه آموزشي کامپيوتر و فناوري اطلاعات(7116330),163 - شيراز(163),163 - شيراز(71163),71 - فارس(71)
,186,4628114947,پروژه فناوری اطلاعات,عملي,0,3,403335,,,امین طوسی,,200,,,,كارشناسي پيوسته,حضوري,ارائه در سطح گروه آموزشی,,گروه آموزشي کامپيوتر و فناوري اطلاعات(7116330),163 - شيراز(163),163 - شيراز(71163),71 - فارس(71)
,187,7000035096,کارآموزی,عملي,0,2,403334,,,امین اسکندری,,200,,,,كارشناسي پيوسته,حضوري,ارائه در سطح گروه آموزشی,,گروه آموزشي کامپيوتر و فناوري اطلاعات(7116330),163 - شيراز(163),163 - شيراز(71163),71 - فارس(71)
,188,7000035096,کارآموزی,عملي,0,2,403333,,,امین طوسی,,200,,,,كارشناسي پيوسته,حضوري,ارائه در سطح گروه آموزشی,,گروه آموزشي کامپيوتر و فناوري اطلاعات(7116330),163 - شيراز(163),163 - شيراز(71163),71 - فارس(71)
,189,90180,زبان خارجی,نظري,3,0,403334,,چهارشنبه از 12:30 تا 17:00,محمدجواد بهمئي,,100,,1404/05/27 از 10:00 تا 12:00,,كارشناسي پيوسته,حضوري,ارائه در سطح دانشکده,,گروه آموزشي دروس عمومي(7116399),163 - شيراز(163),163 - شيراز(71163),71 - فارس(71)
,190,90180,زبان خارجی,نظري,3,0,403332,,سه شنبه از 07:30 تا 12:00,محمدجواد بهمئي,,100,,1404/05/27 از 10:00 تا 12:00,,كارشناسي پيوسته,حضوري,ارائه در سطح دانشکده,,گروه آموزشي دروس عمومي(7116399),163 - شيراز(163),163 - شيراز(71163),71 - فارس(71)
,191,55004,زبان انگلیسی (پیش نیاز دانشگاهی),نظري,2,0,403331,,چهارشنبه از 07:15 تا 12:15,نسيم نجارباشي,,100,,1404/05/27 از 08:00 تا 10:00,,كارشناسي پيوسته,حضوري,ارائه در سطح دانشکده,,گروه آموزشي دروس عمومي(7116399),163 - شيراز(163),163 - شيراز(71163),71 - فارس(71)
,192,55004,زبان انگلیسی (پیش نیاز دانشگاهی),نظري,2,0,403330,,سه شنبه از 07:15 تا 12:15,نسيم نجارباشي,,100,,1404/05/27 از 08:00 تا 10:00,,كارشناسي پيوسته,حضوري,ارائه در سطح دانشکده,,گروه آموزشي دروس عمومي(7116399),163 - شيراز(163),163 - شيراز(71163),71 - فارس(71)
,193,100002,کارآموزی طرح پویش (3) کاردانی و کارشناسی,طرح پویش,0,2,200-5,,,زهره رئیسی,,100,,,,کاردانی پیوسته,حضوري,ارائه در سطح دانشکده,,گروه آموزشي حسابداري(7116312),163 - شيراز(163),163 - شيراز(71163),71 - فارس(71)
,194,100001,کارآموزی طرح پویش (2) کاردانی و کارشناسی,طرح پویش,0,2,200-4,,,زهره رئیسی,,100,,,,کاردانی پیوسته,حضوري,ارائه در سطح دانشکده,,گروه آموزشي حسابداري(7116312),163 - شيراز(163),163 - شيراز(71163),71 - فارس(71)
,195,100000,کارآموزی طرح پویش (1) کاردانی و کارشناسی,طرح پویش,0,2,200-3,,,زهره رئیسی,,100,,,,کاردانی پیوسته,حضوري,ارائه در سطح دانشکده,,گروه آموزشي حسابداري(7116312),163 - شيراز(163),163 - شيراز(71163),71 - فارس(71)
,196,6004156372,کارآموزی,كارآموزي,0,2,200-2,,,زهره رئیسی,,50,,,,کاردانی پیوسته,حضوري,ارائه در سطح دانشکده,,گروه آموزشي حسابداري(7116312),163 - شيراز(163),163 - شيراز(71163),71 - فارس(71)
,197,7000002726,پروژه مالی,عملي,0,1,200-1,,,زهره رئیسی,,50,,,,کاردانی پیوسته,حضوري,ارائه در سطح دانشکده,,گروه آموزشي حسابداري(7116312),163 - شيراز(163),163 - شيراز(71163),71 - فارس(71)
,198,100000,کارآموزی طرح پویش (1) کاردانی و کارشناسی,طرح پویش,0,2,300-5,,,محمد امیر شرافتی,,100,,,,کاردانی پیوسته,حضوري,ارائه در سطح دانشکده,,گروه آموزشي عمران(7116322),163 - شيراز(163),163 - شيراز(71163),71 - فارس(71)
,199,100001,کارآموزی طرح پویش (2) کاردانی و کارشناسی,طرح پویش,0,2,300-4,,,محمد امیر شرافتی,,100,,,,کاردانی پیوسته,حضوري,ارائه در سطح دانشکده,,گروه آموزشي عمران(7116322),163 - شيراز(163),163 - شيراز(71163),71 - فارس(71)
,200,100002,کارآموزی طرح پویش (3) کاردانی و کارشناسی,طرح پویش,0,2,300-3,,,محمد امیر شرافتی,,100,,,,کاردانی پیوسته,حضوري,ارائه در سطح دانشکده,,گروه آموزشي عمران(7116322),163 - شيراز(163),163 - شيراز(71163),71 - فارس(71)
,201,5903156372,کارآموزی,كارآموزي,0,2,300-2,,,محمد امیر شرافتی,,50,,,,کاردانی پیوسته,حضوري,ارائه در سطح دانشکده,,گروه آموزشي عمران(7116322),163 - شيراز(163),163 - شيراز(71163),71 - فارس(71)
,202,5903114691,پروزه,عملي,0,1,300-1,,,محمد امیر شرافتی,,50,,,,کاردانی پیوسته,حضوري,ارائه در سطح دانشکده,,گروه آموزشي عمران(7116322),163 - شيراز(163),163 - شيراز(71163),71 - فارس(71)
,203,100002,کارآموزی طرح پویش (3) کاردانی و کارشناسی,طرح پویش,0,2,100-4,,,زهره رئیسی,,100,,,,کاردانی پیوسته,حضوري,ارائه در سطح دانشکده,,گروه آموزشي مديريت(7116311),163 - شيراز(163),163 - شيراز(71163),71 - فارس(71)
,204,100001,کارآموزی طرح پویش (2) کاردانی و کارشناسی,طرح پویش,0,2,100-3,,,زهره رئیسی,,100,,,,کاردانی پیوسته,حضوري,ارائه در سطح دانشکده,,گروه آموزشي مديريت(7116311),163 - شيراز(163),163 - شيراز(71163),71 - فارس(71)
,205,100000,کارآموزی طرح پویش (1) کاردانی و کارشناسی,طرح پویش,0,2,100-2,,,زهره رئیسی,,100,,,,کاردانی پیوسته,حضوري,ارائه در سطح دانشکده,,گروه آموزشي مديريت(7116311),163 - شيراز(163),163 - شيراز(71163),71 - فارس(71)
,206,1164156372,کارآموزی,كارآموزي,0,2,100-1,,,زهره رئیسی,,40,,,,کاردانی پیوسته,حضوري,ارائه در سطح دانشکده,,گروه آموزشي مديريت(7116311),163 - شيراز(163),163 - شيراز(71163),71 - فارس(71)
,207,2205183291,کارآموزی مشاهده کودک,كارآموزي,0,2,163811719,,,امیر محسنی آهویی,,20,,,,کارداني ناپیوسته,حضوري,ارائه در سطح دانشکده,,گروه آموزشي علوم تربيتي(7116321),163 - شيراز(163),163 - شيراز(71163),71 - فارس(71)
,208,100002,کارآموزی طرح پویش (3) کاردانی و کارشناسی,طرح پویش,0,2,163811717,,,امیر محسنی آهویی,,50,,,,کارداني ناپیوسته,حضوري,ارائه در سطح دانشکده,,گروه آموزشي علوم تربيتي(7116321),163 - شيراز(163),163 - شيراز(71163),71 - فارس(71)
,209,100001,کارآموزی طرح پویش (2) کاردانی و کارشناسی,طرح پویش,0,2,163811716,,,امیر محسنی آهویی,,50,,,,کارداني ناپیوسته,حضوري,ارائه در سطح دانشکده,,گروه آموزشي علوم تربيتي(7116321),163 - شيراز(163),163 - شيراز(71163),71 - فارس(71)
,210,100000,کارآموزی طرح پویش (1) کاردانی و کارشناسی,طرح پویش,0,2,163811715,,,امیر محسنی آهویی,,50,,,,کارداني ناپیوسته,حضوري,ارائه در سطح دانشکده,,گروه آموزشي علوم تربيتي(7116321),163 - شيراز(163),163 - شيراز(71163),71 - فارس(71)
,211,100002,کارآموزی طرح پویش (3) کاردانی و کارشناسی,طرح پویش,0,2,163811714,,,سید محمد حجی خراسانی.,,50,,,,کاردانی پیوسته,حضوري,ارائه در سطح دانشکده,,گروه آموزشي علوم تربيتي(7116321),163 - شيراز(163),163 - شيراز(71163),71 - فارس(71)
,212,100001,کارآموزی طرح پویش (2) کاردانی و کارشناسی,طرح پویش,0,2,163811713,,,سید محمد حجی خراسانی.,,50,,,,کاردانی پیوسته,حضوري,ارائه در سطح دانشکده,,گروه آموزشي علوم تربيتي(7116321),163 - شيراز(163),163 - شيراز(71163),71 - فارس(71)
,213,100000,کارآموزی طرح پویش (1) کاردانی و کارشناسی,طرح پویش,0,2,163811712,,,سید محمد حجی خراسانی.,,50,,,,کاردانی پیوسته,حضوري,ارائه در سطح دانشکده,,گروه آموزشي علوم تربيتي(7116321),163 - شيراز(163),163 - شيراز(71163),71 - فارس(71)
,214,100002,کارآموزی طرح پویش (3) کاردانی و کارشناسی,طرح پویش,0,2,163811706,,,سید محمد حجی خراسانی.,,50,,,,کارداني ناپیوسته,حضوري,ارائه در سطح دانشکده,,گروه آموزشي صنايع(7116338),163 - شيراز(163),163 - شيراز(71163),71 - فارس(71)
,215,100001,کارآموزی طرح پویش (2) کاردانی و کارشناسی,طرح پویش,0,2,163811705,,,سید محمد حجی خراسانی.,,50,,,,کارداني ناپیوسته,حضوري,ارائه در سطح دانشکده,,گروه آموزشي صنايع(7116338),163 - شيراز(163),163 - شيراز(71163),71 - فارس(71)
,216,100000,کارآموزی طرح پویش (1) کاردانی و کارشناسی,طرح پویش,0,2,163811704,,,سید محمد حجی خراسانی.,,50,,,,کارداني ناپیوسته,حضوري,ارائه در سطح دانشکده,,گروه آموزشي صنايع(7116338),163 - شيراز(163),163 - شيراز(71163),71 - فارس(71)
,217,100002,کارآموزی طرح پویش (3) کاردانی و کارشناسی,طرح پویش,0,2,163811703,,,حمیده ادراکی,,50,,,,کارداني ناپیوسته,حضوري,ارائه در سطح دانشکده,,گروه آموزشي صنايع(7116338),163 - شيراز(163),163 - شيراز(71163),71 - فارس(71)
,218,100001,کارآموزی طرح پویش (2) کاردانی و کارشناسی,طرح پویش,0,2,163811702,,,حمیده ادراکی,,50,,,,کارداني ناپیوسته,حضوري,ارائه در سطح دانشکده,,گروه آموزشي صنايع(7116338),163 - شيراز(163),163 - شيراز(71163),71 - فارس(71)
,219,100000,کارآموزی طرح پویش (1) کاردانی و کارشناسی,طرح پویش,0,2,163811701,,,حمیده ادراکی,,50,,,,کارداني ناپیوسته,حضوري,ارائه در سطح دانشکده,,گروه آموزشي صنايع(7116338),163 - شيراز(163),163 - شيراز(71163),71 - فارس(71)
,220,99083,انس با قرآن کریم,نظري,1,0,8013,,سه شنبه از 13:30 تا 19:30,نسرین علوی نیا,,35,,1404/05/27 از 08:00 تا 09:30,,كارشناسي پيوسته,حضوري,ارائه در سطح استان,,گروه آموزشي روان شناسي-محل کلاس-داراب(7116834361),343 - زاهد شهر(343),343 - زاهد شهر(71343),71 - فارس(71)
,221,99083,انس با قرآن کریم,نظري,1,0,8012,,سه شنبه از 07:30 تا 13:30,نسرین علوی نیا,,35,,1404/05/27 از 08:00 تا 09:30,,كارشناسي پيوسته,حضوري,ارائه در سطح استان,,گروه آموزشي روان شناسي-محل کلاس-داراب(7116834361),343 - زاهد شهر(343),343 - زاهد شهر(71343),71 - فارس(71)
,222,90881,آشنایی با دفاع مقدس,نظري,2,0,8011,,سه شنبه از 07:30 تا 13:30,علي نجفي مربوئيه,,50,,1404/05/28 از 11:00 تا 12:30,,كارشناسي پيوسته,ارائه ترکیبی در واحد منتخب,ارائه در سطح استان,,گروه آموزشي روان شناسي-محل کلاس-داراب(7116834361),343 - زاهد شهر(343),343 - زاهد شهر(71343),71 - فارس(71)
,223,90755,انقلاب اسلامی ایران,نظري,2,0,8010,,دوشنبه از 13:30 تا 19:30,احمد علی مروت,,45,,1404/05/28 از 09:30 تا 11:00,,كارشناسي پيوسته,حضوري,ارائه در سطح استان,,گروه آموزشي روان شناسي-محل کلاس-داراب(7116834361),343 - زاهد شهر(343),343 - زاهد شهر(71343),71 - فارس(71)
,224,99041,تاریخ تحلیلی صدر اسلام‌,نظري,2,0,8009,,چهارشنبه از 13:30 تا 19:30,عبدالمهدي رستاد,,45,,1404/05/27 از 11:00 تا 12:30,,كارشناسي پيوسته,حضوري,ارائه در سطح استان,,گروه آموزشي روان شناسي-محل کلاس-داراب(7116834361),343 - زاهد شهر(343),343 - زاهد شهر(71343),71 - فارس(71)
,225,99073,اندیشه های امامین انقلاب اسلامی و وصایای حضرت امام خمینی(ره),نظري,1,0,8008,,يكشنبه از 13:30 تا 19:30,عبدالمهدي رستاد,,45,,1404/05/27 از 09:00 تا 10:30,,كارشناسي پيوسته,ارائه ترکیبی در واحد منتخب,ارائه در سطح استان,,گروه آموزشي روان شناسي-محل کلاس-داراب(7116834361),343 - زاهد شهر(343),343 - زاهد شهر(71343),71 - فارس(71)
,226,90763,تفسیر موضوعی قرآن,نظري,2,0,8004,,پنج شنبه از 07:30 تا 13:30,نسرین علوی نیا,,45,,1404/05/25 از 11:00 تا 12:30,,كارشناسي پيوسته,حضوري,ارائه در سطح استان,,گروه آموزشي روان شناسي-محل کلاس-داراب(7116834361),343 - زاهد شهر(343),343 - زاهد شهر(71343),71 - فارس(71)
,227,90029,فارسی,نظري,3,0,8001,,يكشنبه از 07:30 تا 16:30,قدسيه محمدي,,50,,1404/05/25 از 08:00 تا 09:30,,كارشناسي پيوسته,ارائه ترکیبی در واحد منتخب,ارائه در سطح استان,,گروه آموزشي روان شناسي-محل کلاس-داراب(7116834361),343 - زاهد شهر(343),343 - زاهد شهر(71343),71 - فارس(71)